"Nome do projeto","D.O.M"
"Intervalo de datas","02/14/2026 00:00 - 04/14/2026 23:59"


"Métrica","Sessões"
"","Total de sessões","825"
"","Sessões de bot","366"

"Métrica","Páginas por sessão"
"","Média","1.8715151515151516"

"Métrica","Profundidade de rolagem"
"","Média","45.19"

"Métrica","Tempo ativo gasto"
"","Tempo de atividade","59"
"","Tempo total","175"

"Métrica","Visão geral dos usuários"
"","Usuários únicos","712"
"","Sessões com novos usuários","759"
"","Sessões com usuários retornados","66"

"Métrica","Insights","Não, de sessões","% de sessões"
"","Cliques contínuos","4","0,48%"
"","Clique inativo","59","7,15%"
"","Rolagem excessiva","0","0%"
"","Clique com o botão direito do mouse","76","9,21%"

"Métrica","Navegadores","Não, de sessões","% de sessões"
"","ChromeMobile","373","45,21%"
"","Chrome","303","36,73%"
"","MobileSafari","45","5,45%"
"","Edge","37","4,48%"
"","GoogleApp","35","4,24%"
"","SamsungInternet","14","1,70%"
"","Firefox","7","0,85%"
"","InstagramApp","6","0,73%"
"","Opera","3","0,36%"
"","Safari","1","0,12%"
"","EdgeMobile","1","0,12%"

"Métrica","Páginas principais","Não, de sessões"
"","https://domsuprimentosindustriais.com.br/aneis-de-vedacao/","228"
"","https://domsuprimentosindustriais.com.br/","115"
"","https://domsuprimentosindustriais.com.br/retentores-industriais/","69"
"","https://domsuprimentosindustriais.com.br/search/","63"
"","https://domsuprimentosindustriais.com.br/gaxetas-industriais/","47"
"","https://domsuprimentosindustriais.com.br/produtos/kit-oring-viton-70-alta-temperatura-milimetro-polegadas/","19"
"","https://domsuprimentosindustriais.com.br/produtos/medidor-de-oring-std-cone-e-escala/","17"
"","https://domsuprimentosindustriais.com.br/produtos/gaxeta-vedacao-cafeteira-dolce-gusto-anel-de-borracha/","15"
"","https://domsuprimentosindustriais.com.br/produtos/redutor-de-velocidade-erm-40-p-motor-05cv-eixo-18mm-vazado/","12"
"","https://domsuprimentosindustriais.com.br/produtos/anel-oring-2178-polegada-24732-x-262/","10"
"","https://domsuprimentosindustriais.com.br/redutores/","10"
"","https://domsuprimentosindustriais.com.br/aerossois/","9"

"Métrica","Eventos inteligentes","Não, de sessões","% de sessões"
"","Enviar formulário","52","6,30%"
"","Clique de saída","43","5,21%"
"","Adicionar ao carrinho","18","2,18%"
"","Finalizar compra","9","1,09%"
"","Iniciar check-out","7","0,85%"
"","Fazer logon","6","0,73%"
"","Entrar em tela inteira","5","0,61%"
"","Pedido concluído com sucesso","4","0,48%"
"","Entre em contato conosco","3","0,36%"
"","Comprar","2","0,24%"
"","Criar conta","1","0,12%"

"Métrica","Referenciador","Não, de sessões"
"","www.google.com","598"
"","domsuprimentosindustriais.com.br","173"
"","syndicatedsearch.goog","19"
"","www.bing.com","14"
"","samechvedacoes.com.br","13"
"","www.google.com.br","5"
"","com.google.android.googlequicksearchbox","2"
"","ads.google.com","1"
"","br.search.yahoo.com","1"
"","chatgpt.com","1"
"","com.google.android.gm","1"
"","domsuprimentosindustriais.lojavirtualnuvem.com.br","1"

"Métrica","Erros de JavaScript"
"","Sessões com erros de JavaScript"
""," total de erros do JavaScript","61"
"","","Não, de sessões","% de sessões"
"","script error.","49","80,33%"
"","offsetcategories is not defined","10","16,39%"
"","cannot read properties of null (reading 'style')","1","1,64%"
"","jsloader error (code #1): timeout reached for loading script https://apis.google.com/js/client.js?on","1","1,64%"

"Métrica","Compras"
"","Sessões com uma compra","Não, de sessões","% de sessões"
"","","4","0,48%"

"Métrica","Visão geral do desempenho"
"","Pontuação","77.58741258741259"
"","LCP (Pintura com Maior Conteúdo)","3.412s"
"","Interação com a Próxima Pintura (INP)","272ms"
"","CLS (Deslocamento de Layout Cumulativo)","0.027s"

"Métrica","Google Ads"
"","Nome da campanha","Status","número de sessões","Intenção","Sessões de intenção alta","Sessões de intenção média","Sessões de intenção baixa"
"","[V4] [C:2] [D:TESTE] [O:VENDAS] [T:SEARCH] [D:27/03/2025] Core Produtos","PAUSED","299","Média","19","193","87"
"","[V4] [C:1] [D:TESTE] [O:VENDAS] [T:SEARCH] [D:27/03/2025] Institucional","PAUSED","7","Média","3","3","1"

"Métrica","Tráfego de bots"
"webScraperBotSessions","118"
"suspiciousDeviceBotSessions","69"
"suspiciousNetworkBotSessions","295"
"suspiciousInteractionBotSessions","366"
"ppcAdFraudBotSessions","23"
"otherBotsSessions","0"
"__typename","BotTypes"
